id,diagnosis,radius_mean,texture_mean,perimeter_mean,area_mean,smoothness_mean,compactness_mean,concavity_mean,concave points_mean,symmetry_mean,fractal_dimension_mean,radius_se,texture_se,perimeter_se,area_se,smoothness_se,compactness_se,concavity_se,concave points_se,symmetry_se,fractal_dimension_se,radius_worst,texture_worst,perimeter_worst,area_worst,smoothness_worst,compactness_worst,concavity_worst,concave points_worst,symmetry_worst,fractal_dimension_worst
842302,M,17.99,10.38,122.8,1001,0.1184,0.2776,0.3001,0.1471,0.2419,0.07871,1.095,0.9053,8.589,153.4,0.006399,0.04904,0.05373,0.01587,0.03003,0.006193,25.38,17.33,184.6,2019,0.1622,0.6656,0.7119,0.2654,0.4601,0.1189
842517,M,20.57,17.77,132.9,1326,0.08474,0.07864,0.0869,0.07017,0.1812,0.05667,0.5435,0.7339,3.398,74.08,0.005225,0.01308,0.0186,0.0134,0.01389,0.003532,24.99,23.41,158.8,1956,0.1238,0.1866,0.2416,0.186,0.275,0.08902
84300903,M,19.69,21.25,130,1203,0.1096,0.1599,0.1974,0.1279,0.2069,0.05999,0.7456,0.7869,4.585,94.03,0.00615,0.04006,0.03832,0.02058,0.0225,0.004571,23.57,25.53,152.5,1709,0.1444,0.4245,0.4504,0.243,0.3613,0.08758
857810,B,13.05,19.31,82.61,527.2,0.0806,0.03789,0.000692,0.004167,0.1819,0.05501,0.404,1.214,2.595,32.96,0.007491,0.008593,0.000692,0.004167,0.0219,0.00299,14.23,22.25,90.24,624.1,0.1021,0.06191,0.001845,0.01111,0.2439,0.06289
858477,B,8.618,11.79,54.34,224.5,0.09752,0.05272,0.02061,0.007799,0.1683,0.07187,0.1559,0.5796,1.046,8.322,0.01011,0.01055,0.01981,0.005742,0.0209,0.002788,9.507,15.4,59.9,274.9,0.1733,0.1239,0.1168,0.04419,0.322,0.09026
858970,B,10.17,14.88,64.55,311.9,0.1134,0.08061,0.01084,0.0129,0.2743,0.0696,0.5158,1.441,3.312,34.62,0.007514,0.01099,0.007665,0.008193,0.04183,0.005953,11.02,17.45,69.86,368.6,0.1275,0.09866,0.02168,0.02579,0.3557,0.0802
858981,B,8.598,20.98,54.66,221.8,0.1243,0.08963,0.03,0.009259,0.1828,0.06757,0.3582,2.067,2.493,18.39,0.01193,0.03162,0.03,0.009259,0.03357,0.003048,9.565,27.04,62.06,273.9,0.1639,0.1698,0.09001,0.02778,0.2972,0.07712
